{
  "project_info": {
    "project_number": "843146957828",
    "firebase_url": "https://autoform-fa9f8-default-rtdb.asia-southeast1.firebasedatabase.app",
    "project_id": "autoform-fa9f8",
    "storage_bucket": "autoform-fa9f8.appspot.com"
  },
  "client": [
    {
      "client_info": {
        "mobilesdk_app_id": "1:843146957828:android:9622c6ac8f96736e749151",
        "android_client_info": {
          "package_name": "com.example.autoform"
        }
      },
      "oauth_client": [
        {
          "client_id": "843146957828-u4t92knbl66i6dm00pjk2j6et4uar8r2.apps.googleusercontent.com",
          "client_type": 3
        }
      ],
      "api_key": [
        {
          "current_key": "AIzaSyCnZXhtp1ragAMEODsHf9oof4BKg-eR1lc"
        }
      ],
      "services": {
        "appinvite_service": {
          "other_platform_oauth_client": [
            {
              "client_id": "843146957828-u4t92knbl66i6dm00pjk2j6et4uar8r2.apps.googleusercontent.com",
              "client_type": 3
            }
          ]
        }
      }
    }
  ],
  "configuration_version": "1"
}